Metric,Best Score,Threshold,Chunk Size
Precision,0.9111111111111111,1.0,18.0
Recall,0.8094488188976378,0.1,7.0
F1_score,0.3486020226055919,0.9,5.0
Accuracy,0.9511494252873548,1.0,18.0
