,Metric,Best Score,Threshold
0,Precision,0.9453781512605042,0.9
1,Recall,0.9252873563218391,0.1
2,F1_score,0.7511961722488039,0.2
3,Accuracy,0.75,0.3
