,Metric,Best Score,Threshold,Chunk Size
0,Precision,0.9148936170212766,1.0,18.0
1,Recall,0.8125,0.1,7.0
2,F1 Score,0.34868804664723035,0.9,5.0
3,Accuracy,0.9513419913419898,1.0,18.0
