,Metric,Best Score,Threshold
0,Precision,0.9365079365079365,0.9
1,Recall,0.9425287356321839,0.1
2,F1_score,0.7496087636932707,0.2
3,Accuracy,0.7729885057471264,0.3
