Metric,Best Score,Threshold
Precision,0.8285714285714286,0.9
Recall,0.6752136752136753,0.1
F1_score,0.7047619047619047,0.5
Accuracy,0.5961538461538461,0.2
