Metric,Best Score,Threshold
Precision,0.05185516316495306,0.30000000000000004
Recall,1.0,0.1
F1_score,0.09855564995751911,0.30000000000000004
Accuracy,0.0,0.0
