threshold,f1,precision,recall,accuracy
0.1,0.09729729729729732,0.05113636363636364,1.0,0.0
0.2,0.09729729729729732,0.05113636363636364,1.0,0.0
0.30000000000000004,0.09855564995751911,0.05185516316495306,0.9914529914529915,0.0
0.4,0.08603773584905659,0.04718543046357616,0.48717948717948717,0.0
0.5,0.0,0.0,0.0,0.0
0.6,0.0,0.0,0.0,0.0
0.7000000000000001,0.0,0.0,0.0,0.0
0.8,0.0,0.0,0.0,0.0
0.9,0.0,0.0,0.0,0.0
