Accuracy,Precision,Recall,F1_score
0.8038277511961722,0.7787610619469026,0.8461538461538461,0.8110599078341013
