Accuracy,Precision,Recall,F1_score
0.8421052631578947,0.8198198198198198,0.875,0.8465116279069766
